,title,Virality
5,Iran's Guard says it launched satellite,27413.08
20,Trump nominates Indian-American as US envoy to OECD,24806.14
3,"1 officer dead, 1 wounded in Louisiana shooting",24734.14
4,Covid-19: Lockdown reveals fresh and clean air in India,24652.32
8,Crude Oil prices drop to historic lows after extreme collapse in demand,22340.14
9,Covid-19: Los Angeles study indicates higher infection rate,21576.32
30,Star Talk: Radhika Apte opens up about learning new things at home amidst the lockdown,20822.32
10,Covid-19: President Trump says 'politics' is behind testing criticism,20107.66
6,Covid-19: Virus shutdown shows human impact on Earth,18888.56
28,"Coronavirus in Noida: Noida registers 14 new cases, city tally climbs to 129",18870.32
11,"US federal coronavirus plan is clear and science-based, says WHO",18778.46
32,Covid-19 lockdown: This UP cop sings to warn violators,18304.56
31,Narendra Modi: PM Modi interacts with CMs via video conference,18172.56
2,UK PM Boris Johnson returns to work after recovering from virus,18172.56
7,San Francisco: Dog stolen in December has joyous reunion with owner,17790.8
17,"Saudi Arabia record 1,289 COVID-19 cases in 24 hours",17570.8
15,"France coronavirus death toll goes beyond 23,000",17519.14
21,Indian national killed in road accident in Singapore,17489.64
16,"China Coronavirus News: China to keep coronavirus tests focused, stops short of wider testing",16490.56
26,Indian-origin man charged with coronavirus related offences in Singapore,16440.38
19,Man tries to smuggle girlfriend in car trunk during lockdown,15810.38
0,Kim Jong Un Health: South Korea maintains Kim Jong Un health rumours are untrue,15608.44
13,"Covid-19: India hands over HCQ tablets, emergency medical gear to Bangladesh",15572.56
27,Indian-origin Nobel laureate Venki Ramakrishnan in UK's Covid-19 expert group,15530.68
29,This throwback picture of Ranbir Kapoor and Mahira Khan smoking on the streets of NYC is going viral yet again!,15528.3
25,Indian-origin doctor honoured for her services in fighting Coronavirus in US,15518.56
18,"Russia overtakes China with coronavirus cases at 87,000",14810.94
14,"Boris Johnson back at work, warns against relaxing coronavirus restrictions",14552.22
1,Covid-19: Mayor entertains residents after imposing curfew,14547.2
22,Indian-American lawyer Seema Nanda to step down as CEO of Democratic Party,14440.28
12,"Balakot strike, abrogation of Article 370 to have lasting imprint on geopolitical situation: Bajwa",14005.22
23,Indian-American woman elected to American Academy of Arts and Sciences,13896.28
24,"Coronavirus: Indian-American NGO raises $1 million for relief work in US, India",13517.78
